,mc,mn,quarterbeats,quarterbeats_all_endings,duration_qb,mc_onset,mn_onset,timesig,staff,voice,duration,gracenote,nominal_duration,scalar,tied,tpc,midi,name,octave,chord_id,time,player,capped
0,1,1,1/2,1/2,0.5,1/8,1/8,4/4,1,1,1/8,,1/8,1,,2,62,D4,4,0,0.375,8,False
1,1,1,1/2,1/2,0.5,1/8,1/8,4/4,1,1,1/8,,1/8,1,,1,67,G4,4,0,0.375,5,False
2,1,1,1/2,1/2,0.5,1/8,1/8,4/4,1,1,1/8,,1/8,1,,-2,70,Bb4,4,0,0.375,7,False
3,1,1,1/2,1/2,0.5,1/8,1/8,4/4,1,1,1/8,,1/8,1,,-1,77,F5,5,0,0.375,4,False
4,1,1,1,1,0.5,1/4,1/4,4/4,1,1,1/8,,1/8,1,,2,62,D4,4,1,0.75,8,False
5,1,1,1,1,0.5,1/4,1/4,4/4,1,1,1/8,,1/8,1,,1,67,G4,4,1,0.75,5,False
6,1,1,1,1,0.5,1/4,1/4,4/4,1,1,1/8,,1/8,1,,-2,70,Bb4,4,1,0.75,7,False
7,1,1,1,1,0.5,1/4,1/4,4/4,1,1,1/8,,1/8,1,,-1,77,F5,5,1,0.75,4,False
8,1,1,3/2,3/2,0.5,3/8,3/8,4/4,1,1,1/8,,1/8,1,,2,62,D4,4,2,1.125,8,False
9,1,1,3/2,3/2,0.5,3/8,3/8,4/4,1,1,1/8,,1/8,1,,1,67,G4,4,2,1.125,5,False
10,1,1,3/2,3/2,0.5,3/8,3/8,4/4,1,1,1/8,,1/8,1,,-2,70,Bb4,4,2,1.125,7,False
11,1,1,3/2,3/2,0.5,3/8,3/8,4/4,1,1,1/8,,1/8,1,,-1,77,F5,5,2,1.125,4,False
12,1,1,2,2,1.0,1/2,1/2,4/4,1,1,1/4,,1/4,1,,2,62,D4,4,3,1.5,8,False
13,1,1,2,2,1.0,1/2,1/2,4/4,1,1,1/4,,1/4,1,,1,67,G4,4,3,1.5,5,False
14,1,1,2,2,1.0,1/2,1/2,4/4,1,1,1/4,,1/4,1,,-2,70,Bb4,4,3,1.5,7,False
15,1,1,2,2,1.0,1/2,1/2,4/4,1,1,1/4,,1/4,1,,-1,77,F5,5,3,1.5,4,False
16,1,1,3,3,1.0,3/4,3/4,4/4,1,1,1/4,,1/4,1,,2,62,D4,4,4,2.25,8,False
17,1,1,3,3,1.0,3/4,3/4,4/4,1,1,1/4,,1/4,1,,1,67,G4,4,4,2.25,5,False
18,1,1,3,3,1.0,3/4,3/4,4/4,1,1,1/4,,1/4,1,,-2,70,Bb4,4,4,2.25,7,False
19,1,1,3,3,1.0,3/4,3/4,4/4,1,1,1/4,,1/4,1,,-1,77,F5,5,4,2.25,4,False
20,2,2,9/2,9/2,0.5,1/8,1/8,4/4,1,1,1/8,,1/8,1,,4,64,E4,4,5,3.375,0,False
21,2,2,9/2,9/2,0.5,1/8,1/8,4/4,1,1,1/8,,1/8,1,,1,67,G4,4,5,3.375,5,False
22,2,2,9/2,9/2,0.5,1/8,1/8,4/4,1,1,1/8,,1/8,1,,0,72,C5,5,5,3.375,7,False
23,2,2,9/2,9/2,0.5,1/8,1/8,4/4,1,1,1/8,,1/8,1,,4,76,E5,5,5,3.375,8,False
24,2,2,5,5,0.5,1/4,1/4,4/4,1,1,1/8,,1/8,1,,4,64,E4,4,6,3.75,0,False
25,2,2,5,5,0.5,1/4,1/4,4/4,1,1,1/8,,1/8,1,,1,67,G4,4,6,3.75,5,False
26,2,2,5,5,0.5,1/4,1/4,4/4,1,1,1/8,,1/8,1,,0,72,C5,5,6,3.75,7,False
27,2,2,5,5,0.5,1/4,1/4,4/4,1,1,1/8,,1/8,1,,4,76,E5,5,6,3.75,8,False
28,2,2,11/2,11/2,0.5,3/8,3/8,4/4,1,1,1/8,,1/8,1,,-1,65,F4,4,7,4.125,3,False
29,2,2,11/2,11/2,0.5,3/8,3/8,4/4,1,1,1/8,,1/8,1,,2,74,D5,5,7,4.125,7,False
30,2,2,11/2,11/2,0.5,3/8,3/8,4/4,1,1,1/8,,1/8,1,,-1,77,F5,5,7,4.125,4,False
31,2,2,6,6,0.5,1/2,1/2,4/4,1,1,1/8,,1/8,1,,4,64,E4,4,8,4.5,0,False
32,2,2,6,6,0.5,1/2,1/2,4/4,1,1,1/8,,1/8,1,,0,72,C5,5,8,4.5,7,False
33,2,2,6,6,0.5,1/2,1/2,4/4,1,1,1/8,,1/8,1,,4,76,E5,5,8,4.5,8,False
34,2,2,13/2,13/2,0.25,5/8,5/8,4/4,1,1,1/16,,1/16,1,,2,74,D5,5,9,4.875,7,False
35,2,2,27/4,27/4,0.25,11/16,11/16,4/4,1,1,1/16,,1/16,1,,0,72,C5,5,10,5.0625,7,False
36,3,3,17/2,17/2,0.5,1/8,1/8,5/4,1,1,1/8,,1/8,1,,-3,63,Eb4,4,11,6.375,7,False
37,3,3,17/2,17/2,0.5,1/8,1/8,5/4,1,1,1/8,,1/8,1,,-1,65,F4,4,11,6.375,3,False
38,3,3,17/2,17/2,0.5,1/8,1/8,5/4,1,1,1/8,,1/8,1,,0,72,C5,5,11,6.375,7,False
39,3,3,17/2,17/2,0.5,1/8,1/8,5/4,1,1,1/8,,1/8,1,,-3,75,Eb5,5,11,6.375,7,False
40,3,3,9,9,0.5,1/4,1/4,5/4,1,1,1/8,,1/8,1,,-3,63,Eb4,4,12,6.75,7,False
41,3,3,9,9,0.5,1/4,1/4,5/4,1,1,1/8,,1/8,1,,-1,65,F4,4,12,6.75,3,False
42,3,3,9,9,0.5,1/4,1/4,5/4,1,1,1/8,,1/8,1,,0,72,C5,5,12,6.75,7,False
43,3,3,9,9,0.5,1/4,1/4,5/4,1,1,1/8,,1/8,1,,-3,75,Eb5,5,12,6.75,7,False
44,3,3,19/2,19/2,0.5,3/8,3/8,5/4,1,1,1/8,,1/8,1,,-3,63,Eb4,4,13,7.125,7,False
45,3,3,19/2,19/2,0.5,3/8,3/8,5/4,1,1,1/8,,1/8,1,,-1,65,F4,4,13,7.125,3,False
46,3,3,19/2,19/2,0.5,3/8,3/8,5/4,1,1,1/8,,1/8,1,,0,72,C5,5,13,7.125,7,False
47,3,3,19/2,19/2,0.5,3/8,3/8,5/4,1,1,1/8,,1/8,1,,-3,75,Eb5,5,13,7.125,7,False
48,3,3,10,10,1.0,1/2,1/2,5/4,1,1,1/4,,1/4,1,,1,67,G4,4,14,7.5,5,False
49,3,3,10,10,1.0,1/2,1/2,5/4,1,1,1/4,,1/4,1,,-2,70,Bb4,4,14,7.5,7,False
50,3,3,10,10,1.0,1/2,1/2,5/4,1,1,1/4,,1/4,1,,0,72,C5,5,14,7.5,7,False
51,3,3,10,10,1.0,1/2,1/2,5/4,1,1,1/4,,1/4,1,,-3,75,Eb5,5,14,7.5,7,False
52,3,3,11,11,1.0,3/4,3/4,5/4,1,1,1/4,,1/4,1,,-1,65,F4,4,15,8.25,3,False
53,3,3,11,11,1.0,3/4,3/4,5/4,1,1,1/4,,1/4,1,,3,69,A4,4,15,8.25,3,False
54,3,3,11,11,1.0,3/4,3/4,5/4,1,1,1/4,,1/4,1,,0,72,C5,5,15,8.25,7,False
55,3,3,12,12,0.5,1,1,5/4,1,1,1/8,,1/8,1,,-1,65,F4,4,16,9.0,3,False
56,3,3,25/2,25/2,0.5,9/8,9/8,5/4,1,1,1/8,,1/8,1,,-1,65,F4,4,17,9.375,3,False
57,4,4,13,13,0.5,0,0,5/4,1,1,1/8,,1/8,1,,-2,70,Bb4,4,18,9.75,7,False
58,4,4,13,13,0.5,0,0,5/4,1,1,1/8,,1/8,1,,2,74,D5,5,18,9.75,7,False
59,4,4,27/2,27/2,0.5,1/8,1/8,5/4,1,1,1/8,,1/8,1,,-2,70,Bb4,4,19,10.125,7,False
60,4,4,27/2,27/2,0.5,1/8,1/8,5/4,1,1,1/8,,1/8,1,,2,74,D5,5,19,10.125,7,False
61,4,4,14,14,0.5,1/4,1/4,5/4,1,1,1/8,,1/8,1,,0,72,C5,5,20,10.5,7,False
62,4,4,14,14,0.5,1/4,1/4,5/4,1,1,1/8,,1/8,1,,-3,75,Eb5,5,20,10.5,7,False
63,4,4,29/2,29/2,0.5,3/8,3/8,5/4,1,1,1/8,,1/8,1,,-2,70,Bb4,4,21,10.875,7,False
64,4,4,29/2,29/2,0.5,3/8,3/8,5/4,1,1,1/8,,1/8,1,,2,74,D5,5,21,10.875,7,False
65,4,4,15,15,0.5,1/2,1/2,5/4,1,1,1/8,,1/8,1,,1,67,G4,4,22,11.25,5,False
66,4,4,15,15,0.5,1/2,1/2,5/4,1,1,1/8,,1/8,1,,0,72,C5,5,22,11.25,7,False
67,4,4,31/2,31/2,0.5,5/8,5/8,5/4,1,1,1/8,,1/8,1,,-1,65,F4,4,23,11.625,3,False
68,4,4,31/2,31/2,0.5,5/8,5/8,5/4,1,1,1/8,,1/8,1,,-2,70,Bb4,4,23,11.625,7,False
69,5,5,18,18,0.5,0,0,4/4,1,1,1/8,,1/8,1,,-2,58,Bb3,3,24,13.5,4,False
70,5,5,18,18,0.5,0,0,4/4,1,1,1/8,,1/8,1,,2,62,D4,4,24,13.5,8,False
71,5,5,18,18,0.5,0,0,4/4,1,1,1/8,,1/8,1,,2,74,D5,5,24,13.5,7,False
72,5,5,37/2,37/2,0.5,1/8,1/8,4/4,1,1,1/8,,1/8,1,,1,55,G3,3,25,13.875,4,False
73,5,5,37/2,37/2,0.5,1/8,1/8,4/4,1,1,1/8,,1/8,1,,2,74,D5,5,25,13.875,7,False
74,5,5,19,19,0.5,1/4,1/4,4/4,1,1,1/8,,1/8,1,,-2,58,Bb3,3,26,14.25,4,False
75,5,5,19,19,0.5,1/4,1/4,4/4,1,1,1/8,,1/8,1,,2,74,D5,5,26,14.25,7,False
76,5,5,39/2,39/2,0.5,3/8,3/8,4/4,1,1,1/8,,1/8,1,,2,62,D4,4,27,14.625,8,False
77,5,5,39/2,39/2,0.5,3/8,3/8,4/4,1,1,1/8,,1/8,1,,2,74,D5,5,27,14.625,7,False
78,5,5,20,20,0.5,1/2,1/2,4/4,1,1,1/8,,1/8,1,,1,67,G4,4,28,15.0,5,False
79,5,5,41/2,41/2,0.5,5/8,5/8,4/4,1,1,1/8,,1/8,1,,2,62,D4,4,29,15.375,8,False
80,5,5,21,21,0.5,3/4,3/4,4/4,1,1,1/8,,1/8,1,,-2,58,Bb3,3,30,15.75,4,False
81,5,5,43/2,43/2,0.5,7/8,7/8,4/4,1,1,1/8,,1/8,1,,1,55,G3,3,31,16.125,4,False
82,5,5,43/2,43/2,0.5,7/8,7/8,4/4,1,1,1/8,,1/8,1,,2,74,D5,5,31,16.125,7,False
83,6,6,22,22,2.0,0,0,4/4,1,2,1/2,,1/2,1,,-2,58,Bb3,3,38,16.5,4,False
84,6,6,22,22,2.0,0,0,4/4,1,2,1/2,,1/2,1,,2,62,D4,4,38,16.5,8,False
85,6,6,22,22,0.5,0,0,4/4,1,1,1/8,,1/8,1,,2,74,D5,5,32,16.5,7,False
86,6,6,45/2,45/2,0.5,1/8,1/8,4/4,1,1,1/8,,1/8,1,,2,74,D5,5,33,16.875,7,False
87,6,6,23,23,0.5,1/4,1/4,4/4,1,1,1/8,,1/8,1,,2,74,D5,5,34,17.25,7,False
88,6,6,47/2,47/2,0.5,3/8,3/8,4/4,1,1,1/8,,1/8,1,,-3,75,Eb5,5,35,17.625,7,False
89,6,6,24,24,1.0,1/2,1/2,4/4,1,1,1/4,,1/4,1,,-1,77,F5,5,36,18.0,4,False
90,6,6,25,25,1.0,3/4,3/4,4/4,1,1,1/4,,1/4,1,,-2,70,Bb4,4,37,18.75,7,False
91,7,7,26,26,0.5,0,0,4/4,1,1,1/8,,1/8,1,,1,79,G5,5,39,19.5,7,False
92,7,7,53/2,53/2,0.5,1/8,1/8,4/4,1,1,1/8,,1/8,1,,-1,65,F4,4,40,19.875,3,False
93,7,7,27,27,0.5,1/4,1/4,4/4,1,1,1/8,,1/8,1,,3,69,A4,4,41,20.25,3,False
94,7,7,55/2,55/2,0.5,3/8,3/8,4/4,1,1,1/8,,1/8,1,,0,72,C5,5,42,20.625,7,False
95,7,7,28,28,0.0,1/2,1/2,4/4,1,1,0,acciaccatura,1/8,1,,-1,77,F5,5,43,21.0,4,False
96,7,7,28,28,1.0,1/2,1/2,4/4,1,1,1/4,,1/4,1,,1,79,G5,5,44,21.0,7,False
97,7,7,29,29,0.5,3/4,3/4,4/4,1,1,1/8,,1/8,1,,3,69,A4,4,45,21.75,3,False
98,7,7,59/2,59/2,0.5,7/8,7/8,4/4,1,1,1/8,,1/8,1,,-2,70,Bb4,4,46,22.125,7,False
99,8,8,30,30,0.5,0,0,4/4,2,1,1/8,,1/8,1,,-2,46,Bb2,2,52,22.5,5,False
100,8,8,30,30,1.0,0,0,4/4,1,1,1/4,,1/4,1,,-2,70,Bb4,4,47,22.5,7,False
101,8,8,61/2,61/2,0.5,1/8,1/8,4/4,2,1,1/8,,1/8,1,,-1,53,F3,3,53,22.875,2,False
102,8,8,31,31,1.0,1/4,1/4,4/4,2,1,1/4,,1/4,1,,-2,58,Bb3,3,54,23.25,4,False
103,8,8,63/2,63/2,0.5,3/8,3/8,4/4,1,1,1/8,,1/8,1,,2,74,D5,5,48,23.625,7,False
104,8,8,32,32,0.5,1/2,1/2,4/4,1,1,1/8,,1/8,1,,1,67,G4,4,49,24.0,5,False
105,8,8,32,32,0.5,1/2,1/2,4/4,1,1,1/8,,1/8,1,,1,79,G5,5,49,24.0,7,False
106,8,8,65/2,65/2,0.5,5/8,5/8,4/4,1,1,1/8,,1/8,1,,-2,70,Bb4,4,50,24.375,7,False
107,8,8,33,33,1.0,3/4,3/4,4/4,1,1,1/4,,1/4,1,,-1,65,F4,4,51,24.75,3,False
108,8,8,33,33,1.0,3/4,3/4,4/4,1,1,1/4,,1/4,1,,-1,77,F5,5,51,24.75,4,False
109,9,9,34,34,0.5,0,0,4/4,2,1,1/8,,1/8,1,,-2,46,Bb2,2,60,25.5,5,False
110,9,9,34,34,1.0,0,0,4/4,1,1,1/4,,1/4,1,,-2,70,Bb4,4,55,25.5,7,False
111,9,9,69/2,69/2,0.5,1/8,1/8,4/4,2,1,1/8,,1/8,1,,-1,53,F3,3,61,25.875,2,False
112,9,9,35,35,1.0,1/4,1/4,4/4,2,1,1/4,,1/4,1,,-2,58,Bb3,3,62,26.25,4,False
113,9,9,71/2,71/2,0.5,3/8,3/8,4/4,1,1,1/8,,1/8,1,,2,74,D5,5,56,26.625,7,False
114,9,9,36,36,0.5,1/2,1/2,4/4,1,1,1/8,,1/8,1,,1,67,G4,4,57,27.0,5,False
115,9,9,36,36,0.5,1/2,1/2,4/4,1,1,1/8,,1/8,1,,1,79,G5,5,57,27.0,7,False
116,9,9,73/2,73/2,0.5,5/8,5/8,4/4,1,1,1/8,,1/8,1,,-2,70,Bb4,4,58,27.375,7,False
117,9,9,37,37,1.0,3/4,3/4,4/4,1,1,1/4,,1/4,1,,-1,65,F4,4,59,27.75,3,False
118,9,9,37,37,1.0,3/4,3/4,4/4,1,1,1/4,,1/4,1,,-1,77,F5,5,59,27.75,4,False
119,10,10,38,38,0.5,0,0,4/4,2,1,1/8,,1/8,1,,-2,46,Bb2,2,71,28.5,5,False
120,10,10,38,38,1.0,0,0,4/4,1,1,1/4,,1/4,1,,-2,70,Bb4,4,63,28.5,7,False
121,10,10,77/2,77/2,0.5,1/8,1/8,4/4,2,1,1/8,,1/8,1,,-1,53,F3,3,72,28.875,2,False
122,10,10,39,39,1.0,1/4,1/4,4/4,2,1,1/4,,1/4,1,,-2,58,Bb3,3,73,29.25,4,False
123,10,10,79/2,79/2,0.5,3/8,3/8,4/4,1,1,1/8,,1/8,1,,2,74,D5,5,64,29.625,7,False
124,10,10,40,40,0.6666666666666666,1/2,1/2,4/4,2,1,1/6,,1/4,2/3,,4,52,E3,3,74,30.0,8,False
125,10,10,40,40,0.3333333333333333,1/2,1/2,4/4,1,1,1/12,,1/8,2/3,,1,79,G5,5,65,30.0,7,False
126,10,10,121/3,121/3,0.3333333333333333,7/12,7/12,4/4,1,1,1/12,,1/8,2/3,,-1,77,F5,5,66,30.25,4,False
127,10,10,122/3,122/3,0.6666666666666666,2/3,2/3,4/4,2,1,1/6,,1/4,2/3,,0,48,C3,3,75,30.5,3,False
128,10,10,122/3,122/3,0.3333333333333333,2/3,2/3,4/4,1,1,1/12,,1/8,2/3,,4,76,E5,5,67,30.5,8,False
129,10,10,41,41,0.3333333333333333,3/4,3/4,4/4,1,1,1/12,,1/8,2/3,,4,76,E5,5,68,30.75,8,False
130,10,10,124/3,124/3,0.6666666666666666,5/6,5/6,4/4,2,1,1/6,,1/4,2/3,,1,43,G2,2,76,31.0,7,False
131,10,10,124/3,124/3,0.3333333333333333,5/6,5/6,4/4,1,1,1/12,,1/8,2/3,,2,74,D5,5,69,31.0,7,False
132,10,10,125/3,125/3,0.3333333333333333,11/12,11/12,4/4,1,1,1/12,,1/8,2/3,,0,72,C5,5,70,31.25,7,False
133,11,11,42,42,1.0,0,0,4/4,2,1,1/4,,1/4,1,,3,45,A2,2,82,31.5,5,False
134,11,11,42,42,1.0,0,0,4/4,2,1,1/4,,1/4,1,,4,52,E3,3,82,31.5,8,False
135,11,11,42,42,1.0,0,0,4/4,1,1,1/4,,1/4,1,,0,72,C5,5,77,31.5,7,False
136,11,11,43,43,1.0,1/4,1/4,4/4,2,1,1/4,,1/4,1,,5,47,B2,2,83,32.0,3,False
137,11,11,43,43,1.0,1/4,1/4,4/4,2,1,1/4,,1/4,1,,2,50,D3,3,83,32.0,8,False
138,11,11,43,43,1.0,1/4,1/4,4/4,1,1,1/4,,1/4,1,,5,71,B4,4,78,32.0,8,False
139,11,11,44,44,1.0,1/2,1/2,4/4,2,1,1/4,,1/4,1,,0,48,C3,3,84,32.5,3,False
140,11,11,44,44,1.0,1/2,1/2,4/4,1,1,1/4,,1/4,1,,0,60,C4,4,79,32.5,5,False
141,11,11,44,44,1.0,1/2,1/2,4/4,1,1,1/4,,1/4,1,,3,69,A4,4,79,32.5,3,False
142,11,11,45,45,1.0,3/4,3/4,4/4,2,1,1/4,,1/4,1,,4,52,E3,3,85,33.0,8,False
143,11,11,45,45,0.5,3/4,3/4,4/4,1,1,1/8,,1/8,1,,1,67,G4,4,80,33.0,5,False
144,11,11,91/2,91/2,0.5,7/8,7/8,4/4,1,1,1/8,,1/8,1,,-1,65,F4,4,81,33.25,3,False
145,12,12,46,46,1.0,0,0,4/4,2,1,1/4,,1/4,1,,2,50,D3,3,89,33.5,8,False
146,12,12,47,47,1.0,1/4,1/4,4/4,2,1,1/4,,1/4,1,,-1,53,F3,3,90,34.0,2,False
147,12,12,48,48,1.0,1/2,1/2,4/4,2,1,1/4,,1/4,1,,3,57,A3,3,91,34.5,7,False
148,12,12,48,48,0.5,1/2,1/2,4/4,1,1,1/8,,1/8,1,,3,69,A4,4,86,34.5,3,False
149,12,12,97/2,97/2,0.5,5/8,5/8,4/4,1,1,1/8,,1/8,1,,0,72,C5,5,87,34.75,7,False
150,12,12,49,49,1.0,3/4,3/4,4/4,2,1,1/4,,1/4,1,,-1,53,F3,3,92,35.0,2,False
151,12,12,99/2,99/2,0.5,7/8,7/8,4/4,1,1,1/8,,1/8,1,,1,67,G4,4,88,35.25,5,False
152,12,12,99/2,99/2,0.5,7/8,7/8,4/4,1,1,1/8,,1/8,1,,5,71,B4,4,88,35.25,8,False
153,13,13,50,50,1.0,0,0,4/4,2,1,1/4,,1/4,1,,1,55,G3,3,97,35.5,4,False
154,13,13,51,51,1.0,1/4,1/4,4/4,2,1,1/4,,1/4,1,,-1,53,F3,3,98,36.0,2,False
155,13,13,103/2,103/2,0.5,3/8,3/8,4/4,1,1,1/8,,1/8,1,,3,69,A4,4,93,36.25,3,False
156,13,13,52,52,1.0,1/2,1/2,4/4,2,1,1/4,,1/4,1,,1,55,G3,3,99,36.5,4,False
157,13,13,52,52,1.0,1/2,1/2,4/4,1,1,1/4,,1/4,1,,1,67,G4,4,94,36.5,5,False
158,13,13,53,53,1.0,3/4,3/4,4/4,2,1,1/4,,1/4,1,,5,59,B3,3,100,37.0,4,False
159,13,13,53,53,0.5,3/4,3/4,4/4,1,1,1/8,,1/8,1,,-1,65,F4,4,95,37.0,3,False
160,13,13,107/2,107/2,0.5,7/8,7/8,4/4,1,1,1/8,,1/8,1,,0,60,C4,4,96,37.25,5,False
161,13,13,107/2,107/2,0.5,7/8,7/8,4/4,1,1,1/8,,1/8,1,,4,64,E4,4,96,37.25,0,False
162,14,14,54,54,1.0,0,0,4/4,2,1,1/4,,1/4,1,,0,60,C4,4,101,37.5,5,False
163,14,14,55,55,1.0,1/4,1/4,4/4,2,1,1/4,,1/4,1,,5,59,B3,3,102,38.0,4,False
164,14,14,56,56,1.0,1/2,1/2,4/4,2,1,1/4,,1/4,1,,1,55,G3,3,103,38.5,4,False
165,14,14,57,57,1.0,3/4,3/4,4/4,2,1,1/4,,1/4,1,,4,52,E3,3,104,39.0,8,False
166,15,15,58,58,1.0,0,0,4/4,2,1,1/4,,1/4,1,,-1,53,F3,3,109,39.5,2,False
167,15,15,58,58,1.0,0,0,4/4,1,1,1/4,,1/4,1,,3,69,A4,4,105,39.5,3,False
168,15,15,59,59,1.0,1/4,1/4,4/4,2,1,1/4,,1/4,1,,4,52,E3,3,110,40.0,8,False
169,15,15,59,59,1.0,1/4,1/4,4/4,1,1,1/4,,1/4,1,,1,67,G4,4,106,40.0,5,False
170,15,15,60,60,1.0,1/2,1/2,4/4,2,1,1/4,,1/4,1,,2,50,D3,3,111,40.5,8,False
171,15,15,60,60,1.0,1/2,1/2,4/4,1,1,1/4,,1/4,1,,-1,65,F4,4,107,40.5,3,False
172,15,15,61,61,1.0,3/4,3/4,4/4,2,1,1/4,,1/4,1,,0,48,C3,3,112,41.0,3,False
173,15,15,61,61,1.0,3/4,3/4,4/4,1,1,1/4,,1/4,1,,4,64,E4,4,108,41.0,0,False
174,16,16,62,62,1.0,0,0,4/4,2,1,1/4,,1/4,1,,5,47,B2,2,117,41.5,3,False
175,16,16,62,62,1.0,0,0,4/4,1,1,1/4,,1/4,1,,2,62,D4,4,113,41.5,8,False
176,16,16,63,63,1.0,1/4,1/4,4/4,2,1,1/4,,1/4,1,,3,45,A2,2,118,42.0,5,False
177,16,16,63,63,0.5,1/4,1/4,4/4,1,1,1/8,,1/8,1,,4,64,E4,4,114,42.0,0,False
178,16,16,127/2,127/2,0.5,3/8,3/8,4/4,1,1,1/8,,1/8,1,,-1,65,F4,4,115,42.25,3,False
179,16,16,64,64,1.0,1/2,1/2,4/4,2,1,1/4,,1/4,1,,-6,42,Gb2,2,119,42.5,4,False
180,16,16,129/2,129/2,0.5,5/8,5/8,4/4,1,1,1/8,,1/8,1,,-1,65,F4,4,116,42.75,3,False
181,16,16,129/2,129/2,0.5,5/8,5/8,4/4,1,1,1/8,,1/8,1,,3,69,A4,4,116,42.75,3,False
182,16,16,65,65,1.0,3/4,3/4,4/4,2,1,1/4,,1/4,1,,-1,53,F3,3,120,43.0,2,False
183,17,17,66,66,1.0,0,0,4/4,2,1,1/4,,1/4,1,,4,52,E3,3,125,43.5,8,False
184,17,17,67,67,1.0,1/4,1/4,4/4,2,1,1/4,,1/4,1,,2,50,D3,3,126,44.0,8,False
185,17,17,68,68,1.0,1/2,1/2,4/4,2,1,1/4,,1/4,1,,5,47,B2,2,127,44.5,3,False
186,17,17,68,68,0.5,1/2,1/2,4/4,1,1,1/8,,1/8,1,,2,62,D4,4,121,44.5,8,False
187,17,17,68,68,0.5,1/2,1/2,4/4,1,1,1/8,,1/8,1,,-4,68,Ab4,4,121,44.5,0,False
188,17,17,137/2,137/2,0.5,5/8,5/8,4/4,1,1,1/8,,1/8,1,,-1,65,F4,4,122,44.75,3,False
189,17,17,137/2,137/2,0.5,5/8,5/8,4/4,1,1,1/8,,1/8,1,,-4,68,Ab4,4,122,44.75,0,False
190,17,17,69,69,1.0,3/4,3/4,4/4,2,1,1/4,,1/4,1,,-4,44,Ab2,2,128,45.0,3,False
191,17,17,69,69,0.5,3/4,3/4,4/4,1,1,1/8,,1/8,1,,4,64,E4,4,123,45.0,0,False
192,17,17,69,69,0.5,3/4,3/4,4/4,1,1,1/8,,1/8,1,,-4,68,Ab4,4,123,45.0,0,False
193,17,17,139/2,139/2,0.5,7/8,7/8,4/4,1,1,1/8,,1/8,1,,2,62,D4,4,124,45.25,8,False
194,18,18,70,70,1.0,0,0,4/4,2,1,1/4,,1/4,1,,3,45,A2,2,131,45.5,5,False
195,18,18,141/2,141/2,0.5,1/8,1/8,4/4,1,1,1/8,,1/8,1,,0,60,C4,4,129,45.75,5,False
196,18,18,141/2,141/2,0.5,1/8,1/8,4/4,1,1,1/8,,1/8,1,,4,64,E4,4,129,45.75,0,False
197,18,18,71,71,1.0,1/4,1/4,4/4,2,1,1/4,,1/4,1,,3,45,A2,2,132,46.0,5,False
198,18,18,72,72,1.0,1/2,1/2,4/4,2,1,1/4,,1/4,1,,-2,46,Bb2,2,133,46.5,5,False
199,18,18,73,73,1.0,3/4,3/4,4/4,2,1,1/4,,1/4,1,,-2,46,Bb2,2,134,47.0,5,False
200,18,18,147/2,147/2,0.5,7/8,7/8,4/4,1,1,1/8,,1/8,1,,2,62,D4,4,130,47.25,8,False
201,19,19,74,74,1.0,0,0,4/4,2,1,1/4,,1/4,1,,2,50,D3,3,138,47.5,8,False
202,19,19,74,74,0.3333333333333333,0,0,4/4,1,1,1/12,,1/8,2/3,,2,62,D4,4,135,47.5,8,False
203,19,19,223/3,223/3,0.3333333333333333,1/12,1/12,4/4,1,1,1/12,,1/8,2/3,,3,69,A4,4,136,47.666666666666664,3,False
204,19,19,224/3,224/3,0.3333333333333333,1/6,1/6,4/4,1,1,1/12,,1/8,2/3,,3,69,A4,4,137,47.833333333333336,3,False
205,19,19,75,75,1.0,1/4,1/4,4/4,2,1,1/4,,1/4,1,,-1,53,F3,3,139,48.0,2,False
206,19,19,76,76,1.0,1/2,1/2,4/4,2,1,1/4,,1/4,1,,3,57,A3,3,140,48.5,7,False
207,19,19,77,77,1.0,3/4,3/4,4/4,2,1,1/4,,1/4,1,,0,60,C4,4,141,49.0,5,False
208,20,20,78,78,1.0,0,0,4/4,2,1,1/4,,1/4,1,,5,59,B3,3,144,49.5,4,False
209,20,20,79,79,1.0,1/4,1/4,4/4,2,1,1/4,,1/4,1,,1,55,G3,3,145,50.0,4,False
210,20,20,159/2,159/2,0.5,3/8,3/8,4/4,1,1,1/8,,1/8,1,,1,67,G4,4,142,50.25,5,False
211,20,20,159/2,159/2,0.5,3/8,3/8,4/4,1,1,1/8,,1/8,1,,0,72,C5,5,142,50.25,7,False
212,20,20,80,80,1.0,1/2,1/2,4/4,2,1,1/4,,1/4,1,,-1,53,F3,3,146,50.5,2,False
213,20,20,161/2,161/2,0.5,5/8,5/8,4/4,1,1,1/8,,1/8,1,,1,67,G4,4,143,50.75,5,False
214,20,20,161/2,161/2,0.5,5/8,5/8,4/4,1,1,1/8,,1/8,1,,5,71,B4,4,143,50.75,8,False
215,20,20,81,81,1.0,3/4,3/4,4/4,2,1,1/4,,1/4,1,,2,50,D3,3,147,51.0,8,False
216,21,21,82,82,1.0,0,0,4/4,2,1,1/4,,1/4,1,,0,48,C3,3,149,51.5,3,False
217,21,21,165/2,165/2,0.5,1/8,1/8,4/4,1,1,1/8,,1/8,1,,0,60,C4,4,148,51.75,5,False
218,21,21,165/2,165/2,0.5,1/8,1/8,4/4,1,1,1/8,,1/8,1,,1,67,G4,4,148,51.75,5,False
219,21,21,83,83,1.0,1/4,1/4,4/4,2,1,1/4,,1/4,1,,4,52,E3,3,150,52.0,8,False
220,21,21,84,84,1.0,1/2,1/2,4/4,2,1,1/4,,1/4,1,,1,55,G3,3,151,52.5,4,False
221,21,21,85,85,1.0,3/4,3/4,4/4,2,1,1/4,,1/4,1,,5,59,B3,3,152,53.0,4,False
222,22,22,86,86,1.0,0,0,4/4,2,1,1/4,,1/4,1,,3,57,A3,3,154,53.5,7,False
223,22,22,87,87,1.0,1/4,1/4,4/4,2,1,1/4,,1/4,1,,-1,53,F3,3,155,54.0,2,False
224,22,22,88,88,1.0,1/2,1/2,4/4,2,1,1/4,,1/4,1,,2,50,D3,3,156,54.5,8,False
225,22,22,89,89,1.0,3/4,3/4,4/4,2,1,1/4,,1/4,1,,0,48,C3,3,157,55.0,3,False
226,22,22,179/2,179/2,0.5,7/8,7/8,4/4,1,1,1/8,,1/8,1,,3,69,A4,4,153,55.25,3,False
227,23,23,90,90,1.0,0,0,4/4,2,1,1/4,,1/4,1,,2,50,D3,3,161,55.5,8,False
228,23,23,90,90,0.3333333333333333,0,0,4/4,1,1,1/12,,1/8,2/3,,3,69,A4,4,158,55.5,3,False
229,23,23,271/3,271/3,0.3333333333333333,1/12,1/12,4/4,1,1,1/12,,1/8,2/3,,2,62,D4,4,159,55.666666666666664,8,False
230,23,23,272/3,272/3,0.3333333333333333,1/6,1/6,4/4,1,1,1/12,,1/8,2/3,,2,62,D4,4,160,55.833333333333336,8,False
231,23,23,91,91,1.0,1/4,1/4,4/4,2,1,1/4,,1/4,1,,-1,53,F3,3,162,56.0,2,False
232,23,23,92,92,1.0,1/2,1/2,4/4,2,1,1/4,,1/4,1,,3,57,A3,3,163,56.5,7,False
233,23,23,93,93,1.0,3/4,3/4,4/4,2,1,1/4,,1/4,1,,0,60,C4,4,164,57.0,5,False
234,24,24,94,94,1.0,0,0,4/4,2,1,1/4,,1/4,1,,5,59,B3,3,167,57.5,4,False
235,24,24,95,95,1.0,1/4,1/4,4/4,2,1,1/4,,1/4,1,,1,55,G3,3,168,58.0,4,False
236,24,24,96,96,1.0,1/2,1/2,4/4,2,1,1/4,,1/4,1,,-1,53,F3,3,169,58.5,2,False
237,24,24,96,96,0.5,1/2,1/2,4/4,1,1,1/8,,1/8,1,,-1,65,F4,4,165,58.5,3,False
238,24,24,96,96,0.5,1/2,1/2,4/4,1,1,1/8,,1/8,1,,3,69,A4,4,165,58.5,3,False
239,24,24,97,97,1.0,3/4,3/4,4/4,2,1,1/4,,1/4,1,,4,52,E3,3,170,59.0,8,False
240,24,24,97,97,1.0,3/4,3/4,4/4,1,1,1/4,,1/4,1,,4,64,E4,4,166,59.0,0,False
241,24,24,97,97,1.0,3/4,3/4,4/4,1,1,1/4,,1/4,1,,1,67,G4,4,166,59.0,5,False
242,25,25,98,98,1.0,0,0,4/4,2,1,1/4,,1/4,1,,-1,53,F3,3,173,59.5,2,False
243,25,25,98,98,0.5,0,0,4/4,1,1,1/8,,1/8,1,,-1,65,F4,4,171,59.5,3,False
244,25,25,99,99,1.0,1/4,1/4,4/4,2,1,1/4,,1/4,1,,1,55,G3,3,174,60.0,4,False
245,25,25,199/2,199/2,0.5,3/8,3/8,4/4,1,1,1/8,,1/8,1,,0,60,C4,4,172,60.25,5,False
246,25,25,199/2,199/2,0.5,3/8,3/8,4/4,1,1,1/8,,1/8,1,,4,64,E4,4,172,60.25,0,False
247,25,25,100,100,1.0,1/2,1/2,4/4,2,1,1/4,,1/4,1,,4,52,E3,3,175,60.5,8,False
248,25,25,101,101,1.0,3/4,3/4,4/4,2,1,1/4,,1/4,1,,0,48,C3,3,176,61.0,3,False
249,26,26,102,102,1.0,0,0,4/4,2,1,1/4,,1/4,1,,2,50,D3,3,184,61.5,8,False
250,26,26,103,103,1.0,1/4,1/4,4/4,2,1,1/4,,1/4,1,,0,48,C3,3,185,62.0,3,False
251,26,26,103,103,0.25,1/4,1/4,4/4,1,1,1/16,,1/16,1,,0,60,C4,4,177,62.0,5,False
252,26,26,413/4,413/4,0.25,5/16,5/16,4/4,1,1,1/16,,1/16,1,,-5,61,Db4,4,178,62.125,3,False
253,26,26,207/2,207/2,0.25,3/8,3/8,4/4,1,1,1/16,,1/16,1,,2,62,D4,4,179,62.25,8,False
254,26,26,415/4,415/4,0.25,7/16,7/16,4/4,1,1,1/16,,1/16,1,,-3,63,Eb4,4,180,62.375,7,False
255,26,26,104,104,1.0,1/2,1/2,4/4,2,1,1/4,,1/4,1,,-2,46,Bb2,2,186,62.5,5,False
256,26,26,104,104,0.6666666666666666,1/2,1/2,4/4,1,1,1/6,,1/4,2/3,,4,64,E4,4,181,62.5,0,False
257,26,26,314/3,314/3,0.6666666666666666,2/3,2/3,4/4,1,1,1/6,,1/4,2/3,,-1,65,F4,4,182,62.833333333333336,3,False
258,26,26,105,105,1.0,3/4,3/4,4/4,2,1,1/4,,1/4,1,,-2,46,Bb2,2,187,63.0,5,False
259,26,26,316/3,316/3,0.6666666666666666,5/6,5/6,4/4,1,1,1/6,,1/4,2/3,,1,67,G4,4,183,63.166666666666664,5,False
260,27,27,106,106,1.0,0,0,4/4,2,1,1/4,,1/4,1,,-2,46,Bb2,2,193,63.5,5,False
261,27,27,106,106,1.5,0,0,4/4,1,1,3/8,,1/4,3/2,,0,72,C5,5,188,63.5,7,False
262,27,27,107,107,0.5,1/4,1/4,4/4,2,1,1/8,,1/8,1,,2,50,D3,3,194,64.0,8,False
263,27,27,107,107,0.5,1/4,1/4,4/4,2,1,1/8,,1/8,1,,-1,53,F3,3,194,64.0,2,False
264,27,27,107,107,0.5,1/4,1/4,4/4,2,1,1/8,,1/8,1,,3,57,A3,3,194,64.0,7,False
265,27,27,215/2,215/2,0.5,3/8,3/8,4/4,2,1,1/8,,1/8,1,,-2,46,Bb2,2,195,64.25,5,False
266,27,27,215/2,215/2,0.5,3/8,3/8,4/4,1,1,1/8,,1/8,1,,3,69,A4,4,189,64.25,3,False
267,27,27,108,108,0.5,1/2,1/2,4/4,2,1,1/8,,1/8,1,,-2,46,Bb2,2,196,64.5,5,False
268,27,27,108,108,1.0,1/2,1/2,4/4,1,1,1/4,,1/4,1,,3,69,A4,4,190,64.5,3,False
269,27,27,217/2,217/2,0.5,5/8,5/8,4/4,2,1,1/8,,1/8,1,,2,50,D3,3,197,64.75,8,False
270,27,27,217/2,217/2,0.5,5/8,5/8,4/4,2,1,1/8,,1/8,1,,-1,53,F3,3,197,64.75,2,False
271,27,27,217/2,217/2,0.5,5/8,5/8,4/4,2,1,1/8,,1/8,1,,3,57,A3,3,197,64.75,7,False
272,27,27,109,109,0.5,3/4,3/4,4/4,1,1,1/8,,1/8,1,,1,67,G4,4,191,65.0,5,False
273,27,27,219/2,219/2,0.5,7/8,7/8,4/4,2,1,1/8,,1/8,1,,-2,46,Bb2,2,198,65.25,5,False
274,27,27,219/2,219/2,0.5,7/8,7/8,4/4,1,1,1/8,,1/8,1,,0,72,C5,5,192,65.25,7,False
275,28,28,221/2,221/2,0.5,1/8,1/8,4/4,2,1,1/8,,1/8,1,,2,50,D3,3,203,65.75,8,False
276,28,28,221/2,221/2,0.5,1/8,1/8,4/4,2,1,1/8,,1/8,1,,-1,53,F3,3,203,65.75,2,False
277,28,28,221/2,221/2,0.5,1/8,1/8,4/4,2,1,1/8,,1/8,1,,3,57,A3,3,203,65.75,7,False
278,28,28,111,111,0.5,1/4,1/4,4/4,1,1,1/8,,1/8,1,,3,69,A4,4,199,66.0,3,False
279,28,28,223/2,223/2,0.5,3/8,3/8,4/4,2,1,1/8,,1/8,1,,2,50,D3,3,204,66.25,8,False
280,28,28,223/2,223/2,0.5,3/8,3/8,4/4,2,1,1/8,,1/8,1,,-1,53,F3,3,204,66.25,2,False
281,28,28,223/2,223/2,0.5,3/8,3/8,4/4,2,1,1/8,,1/8,1,,3,57,A3,3,204,66.25,7,False
282,28,28,223/2,223/2,0.5,3/8,3/8,4/4,1,1,1/8,,1/8,1,,3,69,A4,4,200,66.25,3,False
283,28,28,112,112,1.0,1/2,1/2,4/4,2,1,1/4,,1/4,1,,-2,46,Bb2,2,205,66.5,5,False
284,28,28,225/2,225/2,0.5,5/8,5/8,4/4,1,1,1/8,,1/8,1,,3,69,A4,4,201,66.75,3,False
285,28,28,113,113,1.0,3/4,3/4,4/4,2,1,1/4,,1/4,1,,2,50,D3,3,206,67.0,8,False
286,28,28,113,113,1.0,3/4,3/4,4/4,2,1,1/4,,1/4,1,,-1,53,F3,3,206,67.0,2,False
287,28,28,113,113,1.0,3/4,3/4,4/4,2,1,1/4,,1/4,1,,3,57,A3,3,206,67.0,7,False
288,28,28,227/2,227/2,0.5,7/8,7/8,4/4,1,1,1/8,,1/8,1,,1,67,G4,4,202,67.25,5,False
289,29,29,114,114,1.0,0,0,4/4,2,1,1/4,,1/4,1,,0,48,C3,3,212,67.5,3,False
290,29,29,114,114,1.0,0,0,4/4,1,1,1/4,,1/4,1,,0,72,C5,5,207,67.5,7,False
291,29,29,115,115,0.5,1/4,1/4,4/4,2,1,1/8,,1/8,1,,4,52,E3,3,213,68.0,8,False
292,29,29,115,115,0.5,1/4,1/4,4/4,2,1,1/8,,1/8,1,,-2,58,Bb3,3,213,68.0,4,False
293,29,29,115,115,1.0,1/4,1/4,4/4,1,1,1/4,,1/4,1,,3,69,A4,4,208,68.0,3,False
294,29,29,231/2,231/2,0.5,3/8,3/8,4/4,2,1,1/8,,1/8,1,,0,48,C3,3,214,68.25,3,False
295,29,29,116,116,0.5,1/2,1/2,4/4,2,1,1/8,,1/8,1,,0,48,C3,3,215,68.5,3,False
296,29,29,116,116,1.0,1/2,1/2,4/4,1,1,1/4,,1/4,1,,3,69,A4,4,209,68.5,3,False
297,29,29,233/2,233/2,0.5,5/8,5/8,4/4,2,1,1/8,,1/8,1,,4,52,E3,3,216,68.75,8,False
298,29,29,233/2,233/2,0.5,5/8,5/8,4/4,2,1,1/8,,1/8,1,,-2,58,Bb3,3,216,68.75,4,False
299,29,29,117,117,0.5,3/4,3/4,4/4,1,1,1/8,,1/8,1,,1,67,G4,4,210,69.0,5,False
300,29,29,235/2,235/2,0.5,7/8,7/8,4/4,2,1,1/8,,1/8,1,,0,48,C3,3,217,69.25,3,False
301,29,29,235/2,235/2,0.5,7/8,7/8,4/4,1,1,1/8,,1/8,1,,0,72,C5,5,211,69.25,7,False
302,30,30,237/2,237/2,0.5,1/8,1/8,4/4,2,1,1/8,,1/8,1,,4,52,E3,3,223,69.75,8,False
303,30,30,237/2,237/2,0.5,1/8,1/8,4/4,2,1,1/8,,1/8,1,,-2,58,Bb3,3,223,69.75,4,False
304,30,30,237/2,237/2,0.5,1/8,1/8,4/4,1,1,1/8,,1/8,1,,0,72,C5,5,218,69.75,7,False
305,30,30,119,119,0.5,1/4,1/4,4/4,1,1,1/8,,1/8,1,,3,69,A4,4,219,70.0,3,False
306,30,30,239/2,239/2,0.5,3/8,3/8,4/4,2,1,1/8,,1/8,1,,4,52,E3,3,224,70.25,8,False
307,30,30,239/2,239/2,0.5,3/8,3/8,4/4,2,1,1/8,,1/8,1,,-2,58,Bb3,3,224,70.25,4,False
308,30,30,239/2,239/2,0.5,3/8,3/8,4/4,1,1,1/8,,1/8,1,,3,69,A4,4,220,70.25,3,False
309,30,30,120,120,1.0,1/2,1/2,4/4,2,1,1/4,,1/4,1,,0,48,C3,3,225,70.5,3,False
310,30,30,241/2,241/2,0.5,5/8,5/8,4/4,1,1,1/8,,1/8,1,,3,69,A4,4,221,70.75,3,False
311,30,30,121,121,1.0,3/4,3/4,4/4,2,1,1/4,,1/4,1,,4,52,E3,3,226,71.0,8,False
312,30,30,121,121,1.0,3/4,3/4,4/4,2,1,1/4,,1/4,1,,-2,58,Bb3,3,226,71.0,4,False
313,30,30,243/2,243/2,0.5,7/8,7/8,4/4,1,1,1/8,,1/8,1,,1,67,G4,4,222,71.25,5,False
314,31,31,122,122,1.0,0,0,4/4,2,1,1/4,,1/4,1,,0,48,C3,3,232,71.5,3,False
315,31,31,122,122,1.0,0,0,4/4,1,1,1/4,,1/4,1,,-2,70,Bb4,4,227,71.5,7,False
316,31,31,123,123,0.5,1/4,1/4,4/4,2,1,1/8,,1/8,1,,-3,51,Eb3,3,233,72.0,0,False
317,31,31,123,123,0.5,1/4,1/4,4/4,2,1,1/8,,1/8,1,,1,55,G3,3,233,72.0,4,False
318,31,31,123,123,0.5,1/4,1/4,4/4,2,1,1/8,,1/8,1,,-2,58,Bb3,3,233,72.0,4,False
319,31,31,123,123,1.0,1/4,1/4,4/4,1,1,1/4,,1/4,1,,1,67,G4,4,228,72.0,5,False
320,31,31,247/2,247/2,0.5,3/8,3/8,4/4,2,1,1/8,,1/8,1,,0,48,C3,3,234,72.25,3,False
321,31,31,124,124,0.5,1/2,1/2,4/4,2,1,1/8,,1/8,1,,0,48,C3,3,235,72.5,3,False
322,31,31,124,124,1.0,1/2,1/2,4/4,1,1,1/4,,1/4,1,,1,67,G4,4,229,72.5,5,False
323,31,31,249/2,249/2,0.5,5/8,5/8,4/4,2,1,1/8,,1/8,1,,-3,51,Eb3,3,236,72.75,0,False
324,31,31,249/2,249/2,0.5,5/8,5/8,4/4,2,1,1/8,,1/8,1,,1,55,G3,3,236,72.75,4,False
325,31,31,249/2,249/2,0.5,5/8,5/8,4/4,2,1,1/8,,1/8,1,,-2,58,Bb3,3,236,72.75,4,False
326,31,31,125,125,0.5,3/4,3/4,4/4,1,1,1/8,,1/8,1,,1,67,G4,4,230,73.0,5,False
327,31,31,251/2,251/2,0.5,7/8,7/8,4/4,2,1,1/8,,1/8,1,,0,48,C3,3,237,73.25,3,False
328,31,31,251/2,251/2,0.5,7/8,7/8,4/4,1,1,1/8,,1/8,1,,-1,65,F4,4,231,73.25,3,False
329,32,32,126,126,1.0,0,0,4/4,1,1,1/4,,1/4,1,,3,69,A4,4,238,73.5,3,False
330,32,32,253/2,253/2,0.5,1/8,1/8,4/4,2,1,1/8,,1/8,1,,2,50,D3,3,243,73.75,8,False
331,32,32,253/2,253/2,0.5,1/8,1/8,4/4,2,1,1/8,,1/8,1,,-1,53,F3,3,243,73.75,2,False
332,32,32,253/2,253/2,0.5,1/8,1/8,4/4,2,1,1/8,,1/8,1,,3,57,A3,3,243,73.75,7,False
333,32,32,127,127,1.0,1/4,1/4,4/4,1,1,1/4,,1/4,1,,-1,65,F4,4,239,74.0,3,False
334,32,32,255/2,255/2,0.5,3/8,3/8,4/4,2,1,1/8,,1/8,1,,2,50,D3,3,244,74.25,8,False
335,32,32,255/2,255/2,0.5,3/8,3/8,4/4,2,1,1/8,,1/8,1,,-1,53,F3,3,244,74.25,2,False
336,32,32,255/2,255/2,0.5,3/8,3/8,4/4,2,1,1/8,,1/8,1,,3,57,A3,3,244,74.25,7,False
337,32,32,128,128,1.0,1/2,1/2,4/4,2,1,1/4,,1/4,1,,5,47,B2,2,245,74.5,3,False
338,32,32,128,128,1.0,1/2,1/2,4/4,1,1,1/4,,1/4,1,,-1,65,F4,4,240,74.5,3,False
339,32,32,129,129,1.0,3/4,3/4,4/4,2,1,1/4,,1/4,1,,2,50,D3,3,246,75.0,8,False
340,32,32,129,129,1.0,3/4,3/4,4/4,2,1,1/4,,1/4,1,,-1,53,F3,3,246,75.0,2,False
341,32,32,129,129,1.0,3/4,3/4,4/4,2,1,1/4,,1/4,1,,3,57,A3,3,246,75.0,7,False
342,32,32,129,129,0.5,3/4,3/4,4/4,1,1,1/8,,1/8,1,,-1,65,F4,4,241,75.0,3,False
343,32,32,259/2,259/2,0.5,7/8,7/8,4/4,1,1,1/8,,1/8,1,,2,62,D4,4,242,75.25,8,False
344,33,33,130,130,1.0,0,0,4/4,2,1,1/4,,1/4,1,,-2,46,Bb2,2,248,75.5,5,False
345,33,33,131,131,0.5,1/4,1/4,4/4,2,1,1/8,,1/8,1,,2,50,D3,3,249,76.0,8,False
346,33,33,131,131,0.5,1/4,1/4,4/4,2,1,1/8,,1/8,1,,-1,53,F3,3,249,76.0,2,False
347,33,33,131,131,0.5,1/4,1/4,4/4,2,1,1/8,,1/8,1,,3,57,A3,3,249,76.0,7,False
348,33,33,263/2,263/2,0.5,3/8,3/8,4/4,2,1,1/8,,1/8,1,,-2,46,Bb2,2,250,76.25,5,False
349,33,33,263/2,263/2,2.0,3/8,3/8,4/4,1,1,1/2,,1/2,1,,3,69,A4,4,247,76.25,3,False
350,33,33,263/2,263/2,2.0,3/8,3/8,4/4,1,1,1/2,,1/2,1,,2,74,D5,5,247,76.25,7,False
351,33,33,263/2,263/2,2.0,3/8,3/8,4/4,1,1,1/2,,1/2,1,,-1,77,F5,5,247,76.25,4,False
352,33,33,132,132,0.5,1/2,1/2,4/4,2,1,1/8,,1/8,1,,-2,46,Bb2,2,251,76.5,5,False
353,33,33,265/2,265/2,0.5,5/8,5/8,4/4,2,1,1/8,,1/8,1,,2,50,D3,3,252,76.75,8,False
354,33,33,265/2,265/2,0.5,5/8,5/8,4/4,2,1,1/8,,1/8,1,,-1,53,F3,3,252,76.75,2,False
355,33,33,265/2,265/2,0.5,5/8,5/8,4/4,2,1,1/8,,1/8,1,,3,57,A3,3,252,76.75,7,False
356,33,33,267/2,267/2,0.5,7/8,7/8,4/4,2,1,1/8,,1/8,1,,0,48,C3,3,253,77.25,3,False
357,34,34,269/2,269/2,0.5,1/8,1/8,4/4,2,1,1/8,,1/8,1,,0,48,C3,3,254,77.75,3,False
358,34,34,271/2,271/2,0.5,3/8,3/8,4/4,2,1,1/8,,1/8,1,,0,48,C3,3,255,78.25,3,False
359,34,34,136,136,1.0,1/2,1/2,4/4,2,1,1/4,,1/4,1,,0,48,C3,3,256,78.5,3,False
360,34,34,137,137,1.0,3/4,3/4,4/4,2,1,1/4,,1/4,1,,5,47,B2,2,257,79.0,3,False
361,35,35,138,138,1.0,0,0,4/4,2,1,1/4,,1/4,1,,3,45,A2,2,258,79.5,5,False
362,35,35,279/2,279/2,0.5,3/8,3/8,4/4,2,1,1/8,,1/8,1,,3,45,A2,2,259,80.25,5,False
363,35,35,141,141,0.5,3/4,3/4,4/4,2,1,1/8,,1/8,1,,4,40,E2,2,260,81.0,5,False
364,35,35,283/2,283/2,0.5,7/8,7/8,4/4,2,1,1/8,,1/8,1,,8,44,G#2,2,261,81.25,3,False
365,36,36,142,142,1.0,0,0,4/4,2,1,1/4,,1/4,1,,3,45,A2,2,265,81.5,5,False
366,36,36,287/2,287/2,0.5,3/8,3/8,4/4,2,1,1/8,,1/8,1,,3,45,A2,2,266,82.25,5,False
367,36,36,289/2,289/2,0.5,5/8,5/8,4/4,1,1,1/8,,1/8,1,,7,61,C#4,4,262,82.75,3,False
368,36,36,145,145,0.5,3/4,3/4,4/4,1,1,1/8,,1/8,1,,4,64,E4,4,263,83.0,0,False
369,36,36,291/2,291/2,0.5,7/8,7/8,4/4,1,1,1/8,,1/8,1,,6,66,F#4,4,264,83.25,0,False
370,37,37,146,146,1.0,0,0,4/4,2,1,1/4,,1/4,1,,3,45,A2,2,269,83.5,5,False
371,37,37,295/2,295/2,0.5,3/8,3/8,4/4,2,1,1/8,,1/8,1,,3,45,A2,2,270,84.25,5,False
372,37,37,149,149,0.5,3/4,3/4,4/4,2,1,1/8,,1/8,1,,4,40,E2,2,271,85.0,5,False
373,37,37,149,149,0.5,3/4,3/4,4/4,1,1,1/8,,1/8,1,,7,61,C#4,4,267,85.0,3,False
374,37,37,299/2,299/2,0.5,7/8,7/8,4/4,2,1,1/8,,1/8,1,,8,44,G#2,2,272,85.25,3,False
375,37,37,299/2,299/2,0.5,7/8,7/8,4/4,1,1,1/8,,1/8,1,,4,64,E4,4,268,85.25,0,False
376,38,38,150,150,1.0,0,0,4/4,2,1,1/4,,1/4,1,,3,45,A2,2,273,85.5,5,False
377,38,38,303/2,303/2,0.5,3/8,3/8,4/4,2,1,1/8,,1/8,1,,3,45,A2,2,274,86.25,5,False
378,38,38,153,153,1.0,3/4,3/4,4/4,2,1,1/4,,1/4,1,,8,44,G#2,2,275,87.0,3,False
379,39,39,154,154,1.0,0,0,4/4,2,1,1/4,,1/4,1,,6,42,F#2,2,281,87.5,4,False
380,39,39,311/2,311/2,0.5,3/8,3/8,4/4,2,1,1/8,,1/8,1,,6,42,F#2,2,282,88.25,4,False
381,39,39,311/2,311/2,0.25,3/8,3/8,4/4,1,1,1/16,,1/16,1,,3,57,A3,3,276,88.25,7,False
382,39,39,623/4,623/4,0.25,7/16,7/16,4/4,1,1,1/16,,1/16,1,,5,59,B3,3,277,88.375,4,False
383,39,39,156,156,0.6666666666666666,1/2,1/2,4/4,1,1,1/6,,1/4,2/3,,7,61,C#4,4,278,88.5,3,False
384,39,39,470/3,470/3,0.6666666666666666,2/3,2/3,4/4,1,1,1/6,,1/4,2/3,,5,59,B3,3,279,88.83333333333333,4,False
385,39,39,157,157,1.0,3/4,3/4,4/4,2,1,1/4,,1/4,1,,4,40,E2,2,283,89.0,5,False
386,39,39,472/3,472/3,0.6666666666666666,5/6,5/6,4/4,1,1,1/6,,1/4,2/3,,3,57,A3,3,280,89.16666666666667,7,False
387,40,40,158,158,1.0,0,0,4/4,2,1,1/4,,1/4,1,,6,42,F#2,2,287,89.5,4,False
388,40,40,319/2,319/2,0.5,3/8,3/8,4/4,2,1,1/8,,1/8,1,,6,42,F#2,2,288,90.25,4,False
389,40,40,321/2,321/2,0.5,5/8,5/8,4/4,1,1,1/8,,1/8,1,,3,57,A3,3,284,90.75,7,False
390,40,40,161,161,0.5,3/4,3/4,4/4,2,1,1/8,,1/8,1,,6,42,F#2,2,289,91.0,4,False
391,40,40,161,161,0.5,3/4,3/4,4/4,1,1,1/8,,1/8,1,,7,61,C#4,4,285,91.0,3,False
392,40,40,323/2,323/2,0.5,7/8,7/8,4/4,2,1,1/8,,1/8,1,,4,40,E2,2,290,91.25,5,False
393,40,40,323/2,323/2,0.5,7/8,7/8,4/4,1,1,1/8,,1/8,1,,3,57,A3,3,286,91.25,7,False
394,41,41,162,162,1.0,0,0,4/4,2,1,1/4,,1/4,1,,2,38,D2,2,294,91.5,6,False
395,41,41,327/2,327/2,0.5,3/8,3/8,4/4,2,1,1/8,,1/8,1,,2,38,D2,2,295,92.25,6,False
396,41,41,329/2,329/2,0.5,5/8,5/8,4/4,1,1,1/8,,1/8,1,,3,57,A3,3,291,92.75,7,False
397,41,41,165,165,0.5,3/4,3/4,4/4,2,1,1/8,,1/8,1,,2,38,D2,2,296,93.0,6,False
398,41,41,165,165,0.5,3/4,3/4,4/4,1,1,1/8,,1/8,1,,7,61,C#4,4,292,93.0,3,False
399,41,41,331/2,331/2,0.5,7/8,7/8,4/4,2,1,1/8,,1/8,1,,6,42,F#2,2,297,93.25,4,False
400,41,41,331/2,331/2,0.5,7/8,7/8,4/4,1,1,1/8,,1/8,1,,5,59,B3,3,293,93.25,4,False
401,42,42,166,166,1.0,0,0,4/4,2,1,1/4,,1/4,1,,4,40,E2,2,302,93.5,5,False
402,42,42,166,166,0.5,0,0,4/4,1,1,1/8,,1/8,1,,3,57,A3,3,298,93.5,7,False
403,42,42,333/2,333/2,0.5,1/8,1/8,4/4,1,1,1/8,,1/8,1,,5,59,B3,3,299,93.75,4,False
404,42,42,335/2,335/2,0.5,3/8,3/8,4/4,2,1,1/8,,1/8,1,,4,40,E2,2,303,94.25,5,False
405,42,42,337/2,337/2,0.5,5/8,5/8,4/4,1,1,1/8,,1/8,1,,7,61,C#4,4,300,94.75,3,False
406,42,42,169,169,0.5,3/4,3/4,4/4,2,1,1/8,,1/8,1,,4,40,E2,2,304,95.0,5,False
407,42,42,169,169,1.0,3/4,3/4,4/4,1,1,1/4,,1/4,1,,5,59,B3,3,301,95.0,4,False
408,42,42,339/2,339/2,0.5,7/8,7/8,4/4,2,1,1/8,,1/8,1,,8,44,G#2,2,305,95.25,3,False
409,43,43,170,170,1.0,0,0,4/4,2,1,1/4,,1/4,1,,3,45,A2,2,307,95.5,5,False
410,43,43,170,170,0.5,0,0,4/4,1,1,1/8,,1/8,1,,3,57,A3,3,306,95.5,7,False
411,43,43,343/2,343/2,0.5,3/8,3/8,4/4,2,1,1/8,,1/8,1,,3,45,A2,2,308,96.25,5,False
412,43,43,173,173,0.5,3/4,3/4,4/4,2,1,1/8,,1/8,1,,4,40,E2,2,309,97.0,5,False
413,43,43,347/2,347/2,0.5,7/8,7/8,4/4,2,1,1/8,,1/8,1,,8,44,G#2,2,310,97.25,3,False
414,44,44,174,174,1.0,0,0,4/4,2,1,1/4,,1/4,1,,3,45,A2,2,311,97.5,5,False
415,44,44,351/2,351/2,0.5,3/8,3/8,4/4,2,1,1/8,,1/8,1,,3,45,A2,2,312,98.25,5,False
416,45,45,178,178,1.0,0,0,4/4,2,1,1/4,,1/4,1,,3,45,A2,2,313,99.5,5,False
417,45,45,359/2,359/2,0.5,3/8,3/8,4/4,2,1,1/8,,1/8,1,,3,45,A2,2,314,100.25,5,False
418,45,45,181,181,0.3333333333333333,3/4,3/4,4/4,2,1,1/12,,1/8,2/3,,4,40,E2,2,315,101.0,5,False
419,45,45,544/3,544/3,0.3333333333333333,5/6,5/6,4/4,2,1,1/12,,1/8,2/3,,8,44,G#2,2,316,101.16666666666667,3,False
420,45,45,545/3,545/3,0.3333333333333333,11/12,11/12,4/4,2,1,1/12,,1/8,2/3,,5,47,B2,2,317,101.33333333333333,3,False
421,46,46,182,182,1.0,0,0,4/4,2,1,1/4,,1/4,1,,0,48,C3,3,323,101.5,3,False
422,46,46,182,182,2.0,0,0,4/4,1,1,1/2,,1/2,1,,0,72,C5,5,318,101.5,7,False
423,46,46,183,183,0.5,1/4,1/4,4/4,2,1,1/8,,1/8,1,,4,52,E3,3,324,102.25,8,False
424,46,46,183,183,0.5,1/4,1/4,4/4,2,1,1/8,,1/8,1,,1,55,G3,3,324,102.25,4,False
425,46,46,367/2,367/2,0.5,3/8,3/8,4/4,2,1,1/8,,1/8,1,,0,48,C3,3,325,102.625,3,False
426,46,46,184,184,1.0,1/2,1/2,4/4,2,1,1/4,,1/4,1,,5,47,B2,2,326,103.0,3,False
427,46,46,184,184,0.5,1/2,1/2,4/4,1,1,1/8,,1/8,1,,5,71,B4,4,319,103.0,8,False
428,46,46,369/2,369/2,0.5,5/8,5/8,4/4,1,1,1/8,,1/8,1,,0,72,C5,5,320,103.375,7,False
429,46,46,185,185,0.5,3/4,3/4,4/4,2,1,1/8,,1/8,1,,6,54,F#3,3,327,103.75,3,False
430,46,46,185,185,0.5,3/4,3/4,4/4,2,1,1/8,,1/8,1,,3,57,A3,3,327,103.75,7,False
431,46,46,185,185,0.5,3/4,3/4,4/4,1,1,1/8,,1/8,1,,5,71,B4,4,321,103.75,8,False
432,46,46,371/2,371/2,0.5,7/8,7/8,4/4,2,1,1/8,,1/8,1,,5,47,B2,2,328,104.125,3,False
433,46,46,371/2,371/2,0.5,7/8,7/8,4/4,1,1,1/8,,1/8,1,,3,69,A4,4,322,104.125,3,False
434,47,47,186,186,1.0,0,0,4/4,2,1,1/4,,1/4,1,,-4,44,Ab2,2,331,104.5,3,False
435,47,47,186,186,2.0,0,0,4/4,1,1,1/2,,1/2,1,,-4,68,Ab4,4,329,104.5,0,False
436,47,47,186,186,2.0,0,0,4/4,1,1,1/2,,1/2,1,,0,72,C5,5,329,104.5,7,False
437,47,47,187,187,1.0,1/4,1/4,4/4,2,1,1/4,,1/4,1,,-4,44,Ab2,2,332,105.25,3,False
438,47,47,187,187,1.0,1/4,1/4,4/4,2,1,1/4,,1/4,1,,0,48,C3,3,332,105.25,3,False
439,47,47,187,187,1.0,1/4,1/4,4/4,2,1,1/4,,1/4,1,,-3,51,Eb3,3,332,105.25,0,False
440,47,47,188,188,1.0,1/2,1/2,4/4,2,1,1/4,,1/4,1,,1,43,G2,2,333,106.0,7,False
441,47,47,188,188,2.0,1/2,1/2,4/4,1,1,1/2,,1/2,1,,1,67,G4,4,330,106.0,5,False
442,47,47,188,188,2.0,1/2,1/2,4/4,1,1,1/2,,1/2,1,,5,71,B4,4,330,106.0,8,False
443,47,47,189,189,0.3333333333333333,3/4,3/4,4/4,2,1,1/12,,1/8,2/3,,1,43,G2,2,334,106.75,7,False
444,47,47,568/3,568/3,0.3333333333333333,5/6,5/6,4/4,2,1,1/12,,1/8,2/3,,3,45,A2,2,335,107.0,5,False
445,47,47,569/3,569/3,0.3333333333333333,11/12,11/12,4/4,2,1,1/12,,1/8,2/3,,5,47,B2,2,336,107.25,3,False
446,48,48,190,190,1.0,0,0,4/4,2,1,1/4,,1/4,1,,0,48,C3,3,342,107.5,3,False
447,48,48,191,191,0.5,1/4,1/4,4/4,2,1,1/8,,1/8,1,,4,52,E3,3,343,108.25,8,False
448,48,48,191,191,0.5,1/4,1/4,4/4,2,1,1/8,,1/8,1,,1,55,G3,3,343,108.25,4,False
449,48,48,191,191,1.0,1/4,1/4,4/4,1,1,1/4,,1/4,1,,0,72,C5,5,337,108.25,7,False
450,48,48,383/2,383/2,0.5,3/8,3/8,4/4,2,1,1/8,,1/8,1,,0,48,C3,3,344,108.625,3,False
451,48,48,192,192,1.0,1/2,1/2,4/4,2,1,1/4,,1/4,1,,5,47,B2,2,345,109.0,3,False
452,48,48,192,192,0.5,1/2,1/2,4/4,1,1,1/8,,1/8,1,,5,71,B4,4,338,109.0,8,False
453,48,48,385/2,385/2,0.5,5/8,5/8,4/4,1,1,1/8,,1/8,1,,0,72,C5,5,339,109.375,7,False
454,48,48,193,193,0.5,3/4,3/4,4/4,2,1,1/8,,1/8,1,,6,54,F#3,3,346,109.75,3,False
455,48,48,193,193,0.5,3/4,3/4,4/4,2,1,1/8,,1/8,1,,3,57,A3,3,346,109.75,7,False
456,48,48,193,193,0.5,3/4,3/4,4/4,1,1,1/8,,1/8,1,,5,71,B4,4,340,109.75,8,False
457,48,48,387/2,387/2,0.5,7/8,7/8,4/4,2,1,1/8,,1/8,1,,5,47,B2,2,347,110.125,3,False
458,48,48,387/2,387/2,0.5,7/8,7/8,4/4,1,1,1/8,,1/8,1,,3,69,A4,4,341,110.125,3,False
459,49,49,194,194,1.0,0,0,4/4,2,1,1/4,,1/4,1,,3,45,A2,2,353,110.5,5,False
460,49,49,194,194,0.5,0,0,4/4,1,1,1/8,,1/8,1,,7,73,C#5,5,348,110.5,1,False
461,49,49,389/2,389/2,0.5,1/8,1/8,4/4,1,1,1/8,,1/8,1,,4,76,E5,5,349,110.875,8,False
462,49,49,195,195,1.0,1/4,1/4,4/4,2,1,1/4,,1/4,1,,4,52,E3,3,354,111.25,8,False
463,49,49,195,195,1.0,1/4,1/4,4/4,2,1,1/4,,1/4,1,,3,57,A3,3,354,111.25,7,False
464,49,49,391/2,391/2,0.5,3/8,3/8,4/4,1,1,1/8,,1/8,1,,7,73,C#5,5,350,111.625,1,False
465,49,49,196,196,1.0,1/2,1/2,4/4,2,1,1/4,,1/4,1,,3,45,A2,2,355,112.0,5,False
466,49,49,196,196,0.5,1/2,1/2,4/4,1,1,1/8,,1/8,1,,-2,70,Bb4,4,351,112.0,7,False
467,49,49,393/2,393/2,0.5,5/8,5/8,4/4,1,1,1/8,,1/8,1,,3,69,A4,4,352,112.375,3,False
468,49,49,197,197,1.0,3/4,3/4,4/4,2,1,1/4,,1/4,1,,4,52,E3,3,356,112.75,8,False
469,49,49,197,197,1.0,3/4,3/4,4/4,2,1,1/4,,1/4,1,,1,55,G3,3,356,112.75,4,False
470,50,50,198,198,1.0,0,0,4/4,2,1,1/4,,1/4,1,,2,38,D2,2,362,113.5,6,False
471,50,50,199,199,1.0,1/4,1/4,4/4,2,1,1/4,,1/4,1,,2,50,D3,3,363,114.25,8,False
472,50,50,199,199,1.0,1/4,1/4,4/4,2,1,1/4,,1/4,1,,-1,53,F3,3,363,114.25,2,False
473,50,50,199,199,1.0,1/4,1/4,4/4,2,1,1/4,,1/4,1,,3,57,A3,3,363,114.25,7,False
474,50,50,199,199,1.0,1/4,1/4,4/4,1,1,1/4,,1/4,1,,2,74,D5,5,357,114.25,7,False
475,50,50,200,200,1.0,1/2,1/2,4/4,2,1,1/4,,1/4,1,,2,38,D2,2,364,115.0,6,False
476,50,50,200,200,0.5,1/2,1/2,4/4,1,1,1/8,,1/8,1,,0,72,C5,5,358,115.0,7,False
477,50,50,401/2,401/2,0.5,5/8,5/8,4/4,1,1,1/8,,1/8,1,,2,74,D5,5,359,115.375,7,False
478,50,50,201,201,1.0,3/4,3/4,4/4,2,1,1/4,,1/4,1,,2,50,D3,3,365,115.75,8,False
479,50,50,201,201,1.0,3/4,3/4,4/4,2,1,1/4,,1/4,1,,-1,53,F3,3,365,115.75,2,False
480,50,50,201,201,1.0,3/4,3/4,4/4,2,1,1/4,,1/4,1,,3,57,A3,3,365,115.75,7,False
481,50,50,201,201,0.5,3/4,3/4,4/4,1,1,1/8,,1/8,1,,0,72,C5,5,360,115.75,7,False
482,50,50,403/2,403/2,0.5,7/8,7/8,4/4,1,1,1/8,,1/8,1,,3,69,A4,4,361,116.125,3,False
483,51,51,202,202,1.0,0,0,4/4,2,1,1/4,,1/4,1,,-1,41,F2,2,370,116.5,7,False
484,51,51,202,202,0.5,0,0,4/4,1,1,1/8,,1/8,1,,2,74,D5,5,366,116.5,7,False
485,51,51,405/2,405/2,0.5,1/8,1/8,4/4,1,1,1/8,,1/8,1,,0,72,C5,5,367,116.875,7,False
486,51,51,203,203,1.0,1/4,1/4,4/4,2,1,1/4,,1/4,1,,0,48,C3,3,371,117.25,3,False
487,51,51,203,203,1.0,1/4,1/4,4/4,2,1,1/4,,1/4,1,,-1,53,F3,3,371,117.25,2,False
488,51,51,203,203,1.0,1/4,1/4,4/4,2,1,1/4,,1/4,1,,-4,56,Ab3,3,371,117.25,7,False
489,51,51,203,203,0.5,1/4,1/4,4/4,1,1,1/8,,1/8,1,,-4,68,Ab4,4,368,117.25,0,False
490,51,51,407/2,407/2,0.5,3/8,3/8,4/4,1,1,1/8,,1/8,1,,0,72,C5,5,369,117.625,7,False
491,51,51,204,204,1.0,1/2,1/2,4/4,2,1,1/4,,1/4,1,,-1,41,F2,2,372,118.0,7,False
492,51,51,205,205,0.5,3/4,3/4,4/4,2,1,1/8,,1/8,1,,0,48,C3,3,373,118.75,3,False
493,51,51,205,205,0.5,3/4,3/4,4/4,2,1,1/8,,1/8,1,,-1,53,F3,3,373,118.75,2,False
494,51,51,205,205,0.5,3/4,3/4,4/4,2,1,1/8,,1/8,1,,-4,56,Ab3,3,373,118.75,7,False
495,51,51,411/2,411/2,0.5,7/8,7/8,4/4,2,1,1/8,,1/8,1,,-1,41,F2,2,374,119.125,7,False
496,52,52,206,206,1.0,0,0,4/4,1,1,1/4,,1/4,1,,1,67,G4,4,375,119.5,5,False
497,52,52,207,207,1.0,1/4,1/4,4/4,2,1,1/4,,1/4,1,,0,48,C3,3,381,120.25,3,False
498,52,52,207,207,1.0,1/4,1/4,4/4,2,1,1/4,,1/4,1,,4,52,E3,3,381,120.25,8,False
499,52,52,207,207,1.0,1/4,1/4,4/4,2,1,1/4,,1/4,1,,1,55,G3,3,381,120.25,4,False
500,52,52,207,207,0.3333333333333333,1/4,1/4,4/4,1,1,1/12,,1/8,2/3,,3,69,A4,4,376,120.25,3,False
501,52,52,622/3,622/3,0.3333333333333333,1/3,1/3,4/4,1,1,1/12,,1/8,2/3,,0,72,C5,5,377,120.5,7,False
502,52,52,623/3,623/3,0.3333333333333333,5/12,5/12,4/4,1,1,1/12,,1/8,2/3,,2,74,D5,5,378,120.75,7,False
503,52,52,208,208,1.0,1/2,1/2,4/4,2,1,1/4,,1/4,1,,-4,44,Ab2,2,382,121.0,3,False
504,52,52,208,208,1.0,1/2,1/2,4/4,1,1,1/4,,1/4,1,,-3,75,Eb5,5,379,121.0,7,False
505,52,52,209,209,1.0,3/4,3/4,4/4,2,1,1/4,,1/4,1,,1,43,G2,2,383,121.75,7,False
506,52,52,209,209,1.0,3/4,3/4,4/4,1,1,1/4,,1/4,1,,2,74,D5,5,380,121.75,7,False
507,53,53,210,210,2.0,0,0,4/4,2,1,1/2,,1/2,1,,0,48,C3,3,388,122.5,3,False
508,53,53,210,210,2.0,0,0,4/4,2,1,1/2,,1/2,1,,4,52,E3,3,388,122.5,8,False
509,53,53,210,210,2.0,0,0,4/4,1,1,1/2,,1/2,1,,0,72,C5,5,384,122.5,7,False
510,53,53,212,212,1.0,1/2,1/2,4/4,2,1,1/4,,1/4,1,,-4,44,Ab2,2,389,124.0,3,False
511,53,53,212,212,1.0,1/2,1/2,4/4,2,1,1/4,,1/4,1,,-6,54,Gb3,3,389,124.0,3,False
512,53,53,213,213,1.0,3/4,3/4,4/4,2,1,1/4,,1/4,1,,-1,53,F3,3,390,124.75,2,False
513,53,53,213,213,0.3333333333333333,3/4,3/4,4/4,1,1,1/12,,1/8,2/3,,-1,77,F5,5,385,124.75,4,False
514,53,53,640/3,640/3,0.3333333333333333,5/6,5/6,4/4,1,1,1/12,,1/8,2/3,,1,79,G5,5,386,125.0,7,False
515,53,53,641/3,641/3,0.3333333333333333,11/12,11/12,4/4,1,1,1/12,,1/8,2/3,,4,76,E5,5,387,125.25,8,False
516,54,54,214,214,0.3333333333333333,0,0,4/4,1,1,1/12,,1/8,2/3,,0,72,C5,5,391,125.5,7,False
517,54,54,643/3,643/3,0.3333333333333333,1/12,1/12,4/4,1,1,1/12,,1/8,2/3,,2,74,D5,5,392,125.75,7,False
518,54,54,644/3,644/3,0.3333333333333333,1/6,1/6,4/4,1,1,1/12,,1/8,2/3,,5,71,B4,4,393,126.0,8,False
519,54,54,215,215,0.3333333333333333,1/4,1/4,4/4,1,1,1/12,,1/8,2/3,,1,67,G4,4,394,126.25,5,False
520,54,54,646/3,646/3,0.3333333333333333,1/3,1/3,4/4,1,1,1/12,,1/8,2/3,,3,69,A4,4,395,126.5,3,False
521,54,54,647/3,647/3,0.3333333333333333,5/12,5/12,4/4,1,1,1/12,,1/8,2/3,,4,64,E4,4,396,126.75,0,False
522,54,54,216,216,0.3333333333333333,1/2,1/2,4/4,1,1,1/12,,1/8,2/3,,7,61,C#4,4,397,127.0,3,False
523,54,54,649/3,649/3,0.3333333333333333,7/12,7/12,4/4,1,1,1/12,,1/8,2/3,,4,64,E4,4,398,127.25,0,False
524,54,54,650/3,650/3,0.3333333333333333,2/3,2/3,4/4,1,1,1/12,,1/8,2/3,,7,61,C#4,4,399,127.5,3,False
525,54,54,217,217,0.3333333333333333,3/4,3/4,4/4,1,1,1/12,,1/8,2/3,,3,57,A3,3,400,127.75,7,False
526,54,54,652/3,652/3,0.3333333333333333,5/6,5/6,4/4,1,1,1/12,,1/8,2/3,,7,61,C#4,4,401,128.0,3,False
527,54,54,653/3,653/3,0.3333333333333333,11/12,11/12,4/4,1,1,1/12,,1/8,2/3,,4,64,E4,4,402,128.25,0,False
528,55,55,218,218,0.5,0,0,3/4,2,1,1/8,,1/8,1,,2,50,D3,3,404,128.5,8,False
529,55,55,218,218,3.0,0,0,3/4,1,1,3/4,,1/2,3/2,,3,57,A3,3,403,128.5,7,False
530,55,55,218,218,3.0,0,0,3/4,1,1,3/4,,1/2,3/2,,2,62,D4,4,403,128.5,8,False
531,55,55,437/2,437/2,0.5,1/8,1/8,3/4,2,1,1/8,,1/8,1,,6,54,F#3,3,405,128.8,3,False
532,55,55,219,219,0.5,1/4,1/4,3/4,2,1,1/8,,1/8,1,,3,57,A3,3,406,129.1,7,False
533,55,55,439/2,439/2,0.5,3/8,3/8,3/4,2,1,1/8,,1/8,1,,2,62,D4,4,407,129.4,8,False
534,55,55,220,220,0.5,1/2,1/2,3/4,2,1,1/8,,1/8,1,,3,57,A3,3,408,129.7,7,False
535,55,55,441/2,441/2,0.5,5/8,5/8,3/4,2,1,1/8,,1/8,1,,6,54,F#3,3,409,130.0,3,False
536,56,56,221,221,0.5,0,0,3/4,2,1,1/8,,1/8,1,,3,45,A2,2,411,130.3,5,False
537,56,56,221,221,3.0,0,0,3/4,1,1,3/4,,1/2,3/2,,6,66,F#4,4,410,130.3,0,False
538,56,56,221,221,3.0,0,0,3/4,1,1,3/4,,1/2,3/2,,3,69,A4,4,410,130.3,3,False
539,56,56,443/2,443/2,0.5,1/8,1/8,3/4,2,1,1/8,,1/8,1,,7,49,C#3,3,412,130.60000000000002,2,False
540,56,56,222,222,0.5,1/4,1/4,3/4,2,1,1/8,,1/8,1,,4,52,E3,3,413,130.9,8,False
541,56,56,445/2,445/2,0.5,3/8,3/8,3/4,2,1,1/8,,1/8,1,,3,57,A3,3,414,131.20000000000002,7,False
542,56,56,223,223,0.5,1/2,1/2,3/4,2,1,1/8,,1/8,1,,4,52,E3,3,415,131.5,8,False
543,56,56,447/2,447/2,0.5,5/8,5/8,3/4,2,1,1/8,,1/8,1,,7,49,C#3,3,416,131.8,2,False
544,57,57,224,224,0.5,0,0,3/4,2,1,1/8,,1/8,1,,6,42,F#2,2,418,132.10000000000002,4,False
545,57,57,224,224,3.0,0,0,3/4,1,1,3/4,,1/2,3/2,,5,59,B3,3,417,132.10000000000002,4,False
546,57,57,224,224,3.0,0,0,3/4,1,1,3/4,,1/2,3/2,,2,62,D4,4,417,132.10000000000002,8,False
547,57,57,449/2,449/2,0.5,1/8,1/8,3/4,2,1,1/8,,1/8,1,,5,47,B2,2,419,132.40000000000003,3,False
548,57,57,225,225,0.5,1/4,1/4,3/4,2,1,1/8,,1/8,1,,2,50,D3,3,420,132.70000000000002,8,False
549,57,57,451/2,451/2,0.5,3/8,3/8,3/4,2,1,1/8,,1/8,1,,6,54,F#3,3,421,133.00000000000003,3,False
550,57,57,226,226,0.5,1/2,1/2,3/4,2,1,1/8,,1/8,1,,2,50,D3,3,422,133.3,8,False
551,57,57,453/2,453/2,0.5,5/8,5/8,3/4,2,1,1/8,,1/8,1,,5,47,B2,2,423,133.60000000000002,3,False
552,58,58,227,227,0.5,0,0,3/4,2,1,1/8,,1/8,1,,5,47,B2,2,427,133.90000000000003,3,False
553,58,58,227,227,1.0,0,0,3/4,1,1,1/4,,1/4,1,,2,62,D4,4,424,133.90000000000003,8,False
554,58,58,227,227,1.0,0,0,3/4,1,1,1/4,,1/4,1,,2,74,D5,5,424,133.90000000000003,7,False
555,58,58,455/2,455/2,0.5,1/8,1/8,3/4,2,1,1/8,,1/8,1,,2,50,D3,3,428,134.20000000000005,8,False
556,58,58,228,228,0.5,1/4,1/4,3/4,2,1,1/8,,1/8,1,,6,54,F#3,3,429,134.50000000000003,3,False
557,58,58,228,228,1.0,1/4,1/4,3/4,1,1,1/4,,1/4,1,,4,64,E4,4,425,134.50000000000003,0,False
558,58,58,228,228,1.0,1/4,1/4,3/4,1,1,1/4,,1/4,1,,4,76,E5,5,425,134.50000000000003,8,False
559,58,58,457/2,457/2,0.5,3/8,3/8,3/4,2,1,1/8,,1/8,1,,5,59,B3,3,430,134.80000000000004,4,False
560,58,58,229,229,0.5,1/2,1/2,3/4,2,1,1/8,,1/8,1,,6,54,F#3,3,431,135.10000000000002,3,False
561,58,58,229,229,1.0,1/2,1/2,3/4,1,1,1/4,,1/4,1,,6,66,F#4,4,426,135.10000000000002,0,False
562,58,58,229,229,1.0,1/2,1/2,3/4,1,1,1/4,,1/4,1,,6,78,F#5,5,426,135.10000000000002,7,False
563,58,58,459/2,459/2,0.5,5/8,5/8,3/4,2,1,1/8,,1/8,1,,2,50,D3,3,432,135.40000000000003,8,False
564,59,59,230,230,0.5,0,0,3/4,2,1,1/8,,1/8,1,,1,43,G2,2,434,135.70000000000005,7,False
565,59,59,230,230,3.0,0,0,3/4,1,1,3/4,,1/2,3/2,,4,64,E4,4,433,135.70000000000005,0,False
566,59,59,230,230,3.0,0,0,3/4,1,1,3/4,,1/2,3/2,,1,67,G4,4,433,135.70000000000005,5,False
567,59,59,461/2,461/2,0.5,1/8,1/8,3/4,2,1,1/8,,1/8,1,,5,47,B2,2,435,136.00000000000006,3,False
568,59,59,231,231,0.5,1/4,1/4,3/4,2,1,1/8,,1/8,1,,2,50,D3,3,436,136.30000000000004,8,False
569,59,59,463/2,463/2,0.5,3/8,3/8,3/4,2,1,1/8,,1/8,1,,1,55,G3,3,437,136.60000000000005,4,False
570,59,59,232,232,0.5,1/2,1/2,3/4,2,1,1/8,,1/8,1,,2,50,D3,3,438,136.90000000000003,8,False
571,59,59,465/2,465/2,0.5,5/8,5/8,3/4,2,1,1/8,,1/8,1,,5,47,B2,2,439,137.20000000000005,3,False
572,60,60,233,233,0.5,0,0,3/4,2,1,1/8,,1/8,1,,6,42,F#2,2,441,137.50000000000006,4,False
573,60,60,233,233,3.0,0,0,3/4,1,1,3/4,,1/2,3/2,,2,62,D4,4,440,137.50000000000006,8,False
574,60,60,233,233,3.0,0,0,3/4,1,1,3/4,,1/2,3/2,,6,66,F#4,4,440,137.50000000000006,0,False
575,60,60,467/2,467/2,0.5,1/8,1/8,3/4,2,1,1/8,,1/8,1,,5,47,B2,2,442,137.80000000000007,3,False
576,60,60,234,234,0.5,1/4,1/4,3/4,2,1,1/8,,1/8,1,,2,50,D3,3,443,138.10000000000005,8,False
577,60,60,469/2,469/2,0.5,3/8,3/8,3/4,2,1,1/8,,1/8,1,,6,54,F#3,3,444,138.40000000000006,3,False
578,60,60,235,235,0.5,1/2,1/2,3/4,2,1,1/8,,1/8,1,,2,50,D3,3,445,138.70000000000005,8,False
579,60,60,471/2,471/2,0.5,5/8,5/8,3/4,2,1,1/8,,1/8,1,,5,47,B2,2,446,139.00000000000006,3,False
580,61,61,236,236,0.5,0,0,3/4,2,1,1/8,,1/8,1,,3,45,A2,2,448,139.30000000000007,5,False
581,61,61,236,236,3.0,0,0,3/4,1,1,3/4,,1/2,3/2,,7,61,C#4,4,447,139.30000000000007,3,False
582,61,61,236,236,3.0,0,0,3/4,1,1,3/4,,1/2,3/2,,4,64,E4,4,447,139.30000000000007,0,False
583,61,61,473/2,473/2,0.5,1/8,1/8,3/4,2,1,1/8,,1/8,1,,7,49,C#3,3,449,139.60000000000008,2,False
584,61,61,237,237,0.5,1/4,1/4,3/4,2,1,1/8,,1/8,1,,4,52,E3,3,450,139.90000000000006,8,False
585,61,61,475/2,475/2,0.5,3/8,3/8,3/4,2,1,1/8,,1/8,1,,3,57,A3,3,451,140.20000000000007,7,False
586,61,61,238,238,0.5,1/2,1/2,3/4,2,1,1/8,,1/8,1,,4,52,E3,3,452,140.50000000000006,8,False
587,61,61,477/2,477/2,0.5,5/8,5/8,3/4,2,1,1/8,,1/8,1,,7,49,C#3,3,453,140.80000000000007,2,False
588,62,62,239,239,0.5,0,0,3/4,2,1,1/8,,1/8,1,,3,45,A2,2,455,141.10000000000008,5,False
589,62,62,479/2,479/2,0.5,1/8,1/8,3/4,2,1,1/8,,1/8,1,,7,49,C#3,3,456,141.4000000000001,2,False
590,62,62,240,240,0.5,1/4,1/4,3/4,2,1,1/8,,1/8,1,,4,52,E3,3,457,141.70000000000007,8,False
591,62,62,481/2,481/2,0.5,3/8,3/8,3/4,2,1,1/8,,1/8,1,,3,57,A3,3,458,142.00000000000009,7,False
592,62,62,241,241,0.5,1/2,1/2,3/4,2,1,1/8,,1/8,1,,4,52,E3,3,459,142.30000000000007,8,False
593,62,62,483/2,483/2,0.5,5/8,5/8,3/4,2,1,1/8,,1/8,1,,7,49,C#3,3,460,142.60000000000008,2,False
594,62,62,483/2,483/2,0.5,5/8,5/8,3/4,1,1,1/8,,1/8,1,,3,57,A3,3,454,142.60000000000008,7,False
595,63,63,242,242,0.5,0,0,3/4,2,1,1/8,,1/8,1,,1,43,G2,2,462,142.9000000000001,7,False
596,63,63,242,242,3.0,0,0,3/4,1,1,3/4,,1/2,3/2,,5,59,B3,3,461,142.9000000000001,4,False
597,63,63,242,242,3.0,0,0,3/4,1,1,3/4,,1/2,3/2,,2,62,D4,4,461,142.9000000000001,8,False
598,63,63,485/2,485/2,0.5,1/8,1/8,3/4,2,1,1/8,,1/8,1,,5,47,B2,2,463,143.2000000000001,3,False
599,63,63,243,243,0.5,1/4,1/4,3/4,2,1,1/8,,1/8,1,,2,50,D3,3,464,143.50000000000009,8,False
600,63,63,487/2,487/2,0.5,3/8,3/8,3/4,2,1,1/8,,1/8,1,,1,55,G3,3,465,143.8000000000001,4,False
601,63,63,244,244,0.5,1/2,1/2,3/4,2,1,1/8,,1/8,1,,2,50,D3,3,466,144.10000000000008,8,False
602,63,63,489/2,489/2,0.5,5/8,5/8,3/4,2,1,1/8,,1/8,1,,5,47,B2,2,467,144.4000000000001,3,False
603,64,64,245,245,0.5,0,0,3/4,2,1,1/8,,1/8,1,,3,45,A2,2,469,144.7000000000001,5,False
604,64,64,245,245,3.0,0,0,3/4,1,1,3/4,,1/2,3/2,,7,61,C#4,4,468,144.7000000000001,3,False
605,64,64,245,245,3.0,0,0,3/4,1,1,3/4,,1/2,3/2,,4,64,E4,4,468,144.7000000000001,0,False
606,64,64,491/2,491/2,0.5,1/8,1/8,3/4,2,1,1/8,,1/8,1,,7,49,C#3,3,470,145.0000000000001,2,False
607,64,64,246,246,0.5,1/4,1/4,3/4,2,1,1/8,,1/8,1,,4,52,E3,3,471,145.3000000000001,8,False
608,64,64,493/2,493/2,0.5,3/8,3/8,3/4,2,1,1/8,,1/8,1,,3,57,A3,3,472,145.6000000000001,7,False
609,64,64,247,247,0.5,1/2,1/2,3/4,2,1,1/8,,1/8,1,,4,52,E3,3,473,145.9000000000001,8,False
610,64,64,495/2,495/2,0.5,5/8,5/8,3/4,2,1,1/8,,1/8,1,,7,49,C#3,3,474,146.2000000000001,2,False
611,65,65,248,248,0.5,0,0,3/4,2,1,1/8,,1/8,1,,5,47,B2,2,476,146.5000000000001,3,False
612,65,65,248,248,3.0,0,0,3/4,1,1,3/4,,1/2,3/2,,2,62,D4,4,475,146.5000000000001,8,False
613,65,65,248,248,3.0,0,0,3/4,1,1,3/4,,1/2,3/2,,6,66,F#4,4,475,146.5000000000001,0,False
614,65,65,497/2,497/2,0.5,1/8,1/8,3/4,2,1,1/8,,1/8,1,,2,50,D3,3,477,146.80000000000013,8,False
615,65,65,249,249,0.5,1/4,1/4,3/4,2,1,1/8,,1/8,1,,6,54,F#3,3,478,147.1000000000001,3,False
616,65,65,499/2,499/2,0.5,3/8,3/8,3/4,2,1,1/8,,1/8,1,,5,59,B3,3,479,147.40000000000012,4,False
617,65,65,250,250,0.5,1/2,1/2,3/4,2,1,1/8,,1/8,1,,6,54,F#3,3,480,147.7000000000001,3,False
618,65,65,501/2,501/2,0.5,5/8,5/8,3/4,2,1,1/8,,1/8,1,,2,50,D3,3,481,148.0000000000001,8,False
619,66,66,251,251,0.5,0,0,3/4,2,1,1/8,,1/8,1,,5,47,B2,2,485,148.30000000000013,3,False
620,66,66,251,251,1.0,0,0,3/4,1,1,1/4,,1/4,1,,4,64,E4,4,482,148.30000000000013,0,False
621,66,66,251,251,1.0,0,0,3/4,1,1,1/4,,1/4,1,,4,76,E5,5,482,148.30000000000013,8,False
622,66,66,503/2,503/2,0.5,1/8,1/8,3/4,2,1,1/8,,1/8,1,,2,50,D3,3,486,148.60000000000014,8,False
623,66,66,252,252,0.5,1/4,1/4,3/4,2,1,1/8,,1/8,1,,6,54,F#3,3,487,148.90000000000012,3,False
624,66,66,252,252,1.0,1/4,1/4,3/4,1,1,1/4,,1/4,1,,6,66,F#4,4,483,148.90000000000012,0,False
625,66,66,252,252,1.0,1/4,1/4,3/4,1,1,1/4,,1/4,1,,6,78,F#5,5,483,148.90000000000012,7,False
626,66,66,505/2,505/2,0.5,3/8,3/8,3/4,2,1,1/8,,1/8,1,,5,59,B3,3,488,149.20000000000013,4,False
627,66,66,253,253,0.5,1/2,1/2,3/4,2,1,1/8,,1/8,1,,6,54,F#3,3,489,149.5000000000001,3,False
628,66,66,253,253,1.0,1/2,1/2,3/4,1,1,1/4,,1/4,1,,1,67,G4,4,484,149.5000000000001,5,False
629,66,66,253,253,1.0,1/2,1/2,3/4,1,1,1/4,,1/4,1,,1,79,G5,5,484,149.5000000000001,7,False
630,66,66,507/2,507/2,0.5,5/8,5/8,3/4,2,1,1/8,,1/8,1,,2,50,D3,3,490,149.80000000000013,8,False
631,67,67,254,254,0.5,0,0,3/4,2,1,1/8,,1/8,1,,1,43,G2,2,492,150.10000000000014,7,False
632,67,67,254,254,3.0,0,0,3/4,1,1,3/4,,1/2,3/2,,6,66,F#4,4,491,150.10000000000014,0,False
633,67,67,254,254,3.0,0,0,3/4,1,1,3/4,,1/2,3/2,,6,78,F#5,5,491,150.10000000000014,7,False
634,67,67,509/2,509/2,0.5,1/8,1/8,3/4,2,1,1/8,,1/8,1,,5,47,B2,2,493,150.40000000000015,3,False
635,67,67,255,255,0.5,1/4,1/4,3/4,2,1,1/8,,1/8,1,,2,50,D3,3,494,150.70000000000013,8,False
636,67,67,511/2,511/2,0.5,3/8,3/8,3/4,2,1,1/8,,1/8,1,,1,55,G3,3,495,151.00000000000014,4,False
637,67,67,256,256,0.5,1/2,1/2,3/4,2,1,1/8,,1/8,1,,2,50,D3,3,496,151.30000000000013,8,False
638,67,67,513/2,513/2,0.5,5/8,5/8,3/4,2,1,1/8,,1/8,1,,5,47,B2,2,497,151.60000000000014,3,False
639,68,68,257,257,0.5,0,0,3/4,2,1,1/8,,1/8,1,,3,45,A2,2,499,151.90000000000015,5,False
640,68,68,257,257,3.0,0,0,3/4,1,1,3/4,,1/2,3/2,,4,64,E4,4,498,151.90000000000015,0,False
641,68,68,257,257,3.0,0,0,3/4,1,1,3/4,,1/2,3/2,,4,76,E5,5,498,151.90000000000015,8,False
642,68,68,515/2,515/2,0.5,1/8,1/8,3/4,2,1,1/8,,1/8,1,,7,49,C#3,3,500,152.20000000000016,2,False
643,68,68,258,258,0.5,1/4,1/4,3/4,2,1,1/8,,1/8,1,,4,52,E3,3,501,152.50000000000014,8,False
644,68,68,517/2,517/2,0.5,3/8,3/8,3/4,2,1,1/8,,1/8,1,,3,57,A3,3,502,152.80000000000015,7,False
645,68,68,259,259,0.5,1/2,1/2,3/4,2,1,1/8,,1/8,1,,4,52,E3,3,503,153.10000000000014,8,False
646,68,68,519/2,519/2,0.5,5/8,5/8,3/4,2,1,1/8,,1/8,1,,7,49,C#3,3,504,153.40000000000015,2,False
647,69,69,260,260,0.5,0,0,3/4,2,1,1/8,,1/8,1,,2,50,D3,3,506,153.70000000000016,8,False
648,69,69,260,260,3.0,0,0,3/4,1,1,3/4,,1/2,3/2,,2,62,D4,4,505,153.70000000000016,8,False
649,69,69,260,260,3.0,0,0,3/4,1,1,3/4,,1/2,3/2,,2,74,D5,5,505,153.70000000000016,7,False
650,69,69,521/2,521/2,0.5,1/8,1/8,3/4,2,1,1/8,,1/8,1,,6,54,F#3,3,507,154.00000000000017,3,False
651,69,69,261,261,0.5,1/4,1/4,3/4,2,1,1/8,,1/8,1,,3,57,A3,3,508,154.30000000000015,7,False
652,69,69,523/2,523/2,0.5,3/8,3/8,3/4,2,1,1/8,,1/8,1,,2,62,D4,4,509,154.60000000000016,8,False
653,69,69,262,262,0.5,1/2,1/2,3/4,2,1,1/8,,1/8,1,,3,57,A3,3,510,154.90000000000015,7,False
654,69,69,525/2,525/2,0.5,5/8,5/8,3/4,2,1,1/8,,1/8,1,,6,54,F#3,3,511,155.20000000000016,3,False
655,70,70,263,263,3.0,0,0,3/4,2,1,3/4,,1/2,3/2,,2,50,D3,3,513,155.50000000000017,8,False
656,70,70,263,263,3.0,0,0,3/4,1,1,3/4,,1/2,3/2,,2,62,D4,4,512,155.50000000000017,8,False
657,70,70,263,263,3.0,0,0,3/4,1,1,3/4,,1/2,3/2,,6,66,F#4,4,512,155.50000000000017,0,False
658,70,70,263,263,3.0,0,0,3/4,1,1,3/4,,1/2,3/2,,3,69,A4,4,512,155.50000000000017,3,False
